Label;Altcoin Market Cap;Bitcoin Market Cap
01/01/2021;218661307180.38;553505628124.78
02/01/2021;228149552014.14;628233145655.22
03/01/2021;276351036779.81;611399559384.02
04/01/2021;260648324513.95;578897085922.99
05/01/2021;286330984256.24;675866587517.09
06/01/2021;308612087660.13;689273928117.54
07/01/2021;298150042327.64;716432413707.28
08/01/2021;301463713441.27;727092775750.9
09/01/2021;338495503626.38;761936962578.25
10/01/2021;275392239865,00;621583283749.41
11/01/2021;295400974645.67;667113955082.31
12/01/2021;280851364586.81;630382042054.13
13/01/2021;300306157828.67;704406028766.63
14/01/2021;312383764984.96;702399836368.82
15/01/2021;314744979740.86;677548795422.8
16/01/2021;321616405832.91;655502083339.61
17/01/2021;325736592305.8;661850659271.94
18/01/2021;345093976273.22;681490242288.39
19/01/2021;341199826122.82;657128242126.29
20/01/2021;338275753217.28;647876309434.16
21/01/2021;311467804588.29;591890480890.38
22/01/2021;330997341239.99;612171705215.66
23/01/2021;340296130560.74;609225420773.91
24/01/2021;355159014043.5;623031630431.99
25/01/2021;334048415324.49;587854909977.63
26/01/2021;331608128723.09;590025881437.67
27/01/2021;332677229662.49;586763010963.93
28/01/2021;346731182945.68;606304124829.91
29/01/2021;349310335648.36;628197759507.49
30/01/2021;361232584773.62;626525021669.75
31/01/2021;363573192307.43;623986817216.43
01/02/2021;373507071191.38;639247320609.95
02/02/2021;398523190300.22;680393211121.26
03/02/2021;416324336511.03;698761507507.85
04/02/2021;430684887822.75;696431259311.3
05/02/2021;440864042561.88;731346845735.13
06/02/2021;436960948342.18;720733012779.8
07/02/2021;447285462081.32;726583644722.72
08/02/2021;486815379239.74;889400839476.61
09/02/2021;515405099490.91;866467735059.55
10/02/2021;516981889442.13;832242146140.83
11/02/2021;530214172217.08;878660125032.67
12/02/2021;569361430787.27;891357574241.84
13/02/2021;566511346737.67;906941522213.3
14/02/2021;532465763162.87;879779655444.43
15/02/2021;553931739799.92;912806530696.54
16/02/2021;541734681333.49;946089611349.35
17/02/2021;584957957610.07;965999346166.84
18/02/2021;605204684898.81;965393176735.28
19/02/2021;652859696033.53;1040723679685.4
20/02/2021;632837818928.3;1055161810991.9
21/02/2021;624036474497.37;1042444346193.3
22/02/2021;552142163213.84;933814198270.71
23/02/2021;555141030792.71;932130374885.6
24/02/2021;555227278470.41;939304613181.91
25/02/2021;511631689393.99;863412811268.08
26/02/2021;535005550544.97;879124611379.54
27/02/2021;489592585381.54;827076206952.1
28/02/2021;520666611345.26;860092767573.48
01/03/2021;553583488696.14;906080878471.19
02/03/2021;570452072725.33;924882407312.44
03/03/2021;565009328458.33;923623238692.35
04/03/2021;547110493764.77;884514497596.51
05/03/2021;568146231240.73;912115207520.84
06/03/2021;578052703176.41;921146191395.47
07/03/2021;593527315379.99;939460024011.48
08/03/2021;617490079008.56;999965172640.73
09/03/2021;629669075213.95;1007211424540.2
10/03/2021;622545480347.88;1032576502740.7
11/03/2021;633580573217.94;1060753252241.8
12/03/2021;624661982460.67;1061519686063.2
13/03/2021;651719257604.31;1134548746320.1
14/03/2021;639521635752.91;1105614882200.9
15/03/2021;615999350847.18;1013392663494.5
16/03/2021;636172650591.98;1046108343275.2
17/03/2021;665100177216.92;1100473012004.6
18/03/2021;656900058674.33;1088930772772.5
19/03/2021;673198825887.94;1091144353733,00
20/03/2021;656952933640.42;1070354062147.6
21/03/2021;666578402957.35;1080677174782.5
22/03/2021;635489387860.48;1003340136225.7
23/03/2021;640981410336.74;1010945865396,00
24/03/2021;617774845306.21;992166349068.71
25/03/2021;623532564092.08;987607150140.78
26/03/2021;657275440613.41;1032643145094.2
27/03/2021;666971677078.07;1052188066725.1
28/03/2021;664833587243.19;1032073602160.6
29/03/2021;690805312861.12;1076833607179.6
30/03/2021;715461023827.24;1101004706823.7
31/03/2021;729563709312.25;1102646772783.4
01/04/2021;755904426224.82;1117312280050.3
02/04/2021;785094101032.59;1117851817674.6
03/04/2021;762473602220.51;1087917414203.5
04/04/2021;778980644369.91;1081618720534.9
05/04/2021;816161025601.61;1099417214220.8
06/04/2021;826030139024.21;1092408131259.6
07/04/2021;793537447521.72;1067110717837,00
08/04/2021;818964897911.79;1088049536327.3
09/04/2021;852363318447.7;1136299297094.4
10/04/2021;862417906655.92;1115426079890.2
11/04/2021;884589015575.62;1123665247441,00
12/04/2021;896971340929.84;1136027153046.7
13/04/2021;974474132873.58;1197353824651.5
14/04/2021;984807773982.89;1181714867549.2
15/04/2021;985900926078.46;1150433264239.8
16/04/2021;1038954502139.13;1160100165661.4
17/04/2021;920049224850.45;1066967772495.6
18/04/2021;958457270955.24;1059249163320.4
19/04/2021;934910361429.44;1028633230163.3
20/04/2021;950052666199.7;1033943524382.6
21/04/2021;958663670250.26;1018547405831.4
22/04/2021;820077476802.39;923251905519.68
23/04/2021;882872858542.55;941358561026.46
24/04/2021;848811922871.75;933156045045.3
25/04/2021;923600762588.73;982462176286.43
26/04/2021;973436697357.13;1013226628244,00
27/04/2021;965596283893.24;1013131003483.9
28/04/2021;1004017925304.04;1009421010986.1
29/04/2021;1036658530818.23;1014378146646.3
30/04/2021;1073941051452.34;1084924397563.6
01/05/2021;1083172567991.43;1066477359750,00
02/05/2021;1122268840097.76;1084266470454,00
03/05/2021;1153541870441.46;1048526340797.5
04/05/2021;1172551575073.98;1023298614207.6
05/05/2021;1229543209960.57;1065291708489.7
06/05/2021;1239101074784.56;1046437810518.1
07/05/2021;1253581424279.49;1082926541675.7
08/05/2021;1282922532822.59;1094071188796.3
09/05/2021;1335066656392.51;1105276373581.9
10/05/2021;1304324632550.69;1027175284885.8
11/05/2021;1400455018710.1;1069305416520.4
12/05/2021;1301008883946.03;957891391755.54
13/05/2021;1278168493415.38;926388637019.16
14/05/2021;1327636801555.07;923405480887.66
15/05/2021;1294697836699.01;908363542789.69
16/05/2021;1181498071565.38;840274513968.56
17/05/2021;1225471746265.3;852780317616.24
18/05/2021;1062758137544.48;741938646177.51
19/05/2021;911539069435.96;741209558263.12
20/05/2021;951260856312.01;740060392681.54
21/05/2021;784894784676.52;675385253047.19
22/05/2021;799831435510.46;690657153429.62
23/05/2021;745098025208.69;658468421071.14
24/05/2021;886365114554.48;721542842263.94
25/05/2021;950971640894.56;738231941861.08
26/05/2021;923834750605.1;712272912806.93
27/05/2021;879625495970.26;690881912447.13
28/05/2021;874457267568.88;693619603311.91
29/05/2021;838602591837.07;664765837769.68
30/05/2021;823601859335.5;649065650031.57
31/05/2021;921896325506.28;700553596786.41
01/06/2021;912443458775.08;688405128086.11
02/06/2021;972177075403.98;725114282832.52
03/06/2021;925994034559.93;692820841159.26
04/06/2021;958775829825.16;708379348454.54
05/06/2021;925345646729.86;680570651974.58
06/06/2021;937642382337.9;678622226916.53
07/06/2021;844377557840.1;615898565995.01
08/06/2021;844910303280.57;627457451693.67
09/06/2021;871640206538.17;687105694650.2
10/06/2021;847271592370.92;690115120641.03
11/06/2021;788116769448.28;659190467833.05
12/06/2021;799765514070.21;655896817224.65
13/06/2021;857846641830.27;740131664406.36
14/06/2021;892158942760.94;757895781180.36
15/06/2021;867958261196.23;753679856069.52
16/06/2021;848625499462.68;727143509998.4
17/06/2021;826658991820.16;705783216776.62
18/06/2021;795887972718.97;667628631386.65
19/06/2021;784240236914.33;668734105122.15
20/06/2021;762967805622.1;648231060871.13
21/06/2021;672231078453.88;610591555550.67
22/06/2021;700151690705.94;640212107198.94
23/06/2021;691923022121.23;615890821743.55
24/06/2021;710228489051.69;647574592404.46
25/06/2021;671942586585.55;607092023338.37
26/06/2021;676369926939.08;622021439833.68
27/06/2021;701436044777.79;648303350109.36
28/06/2021;728047998443.28;648687917922.86
29/06/2021;737366338359.78;656572138902.95
30/06/2021;750618779251.62;645687156646.7
01/07/2021;704246376518.53;616638620165.55
02/07/2021;730676909876.38;632740367221.01
03/07/2021;762065855384.55;657921088456.11
04/07/2021;756218889674.82;642333663573.72
05/07/2021;775916710054.77;651687316551.05
06/07/2021;789001593986,00;652696922744.42
07/07/2021;753490646128.65;624511780795.74
08/07/2021;728172037089.78;618835770115.3
09/07/2021;733188825862.03;631665379371.72
10/07/2021;729806563052.53;631470478279.07
11/07/2021;743329073138.21;642548160664.54
12/07/2021;705455492679.66;616884642805.87
13/07/2021;667472336705.8;597297898248.71
14/07/2021;689571669040.74;611096402517.91
15/07/2021;680617043712.07;596312960212.94
16/07/2021;661602624005.24;591273716437.12
17/07/2021;675611843214.91;598969317372.81
18/07/2021;668182511856.62;597037207941.25
19/07/2021;613075406245.08;557406916217.99
20/07/2021;643400695182.32;576096721716.72
21/07/2021;674179122865.62;601420556331.98
22/07/2021;699556117402.3;610645101374.64
23/07/2021;716624522629.11;633027457548.48
24/07/2021;723400800502.41;645346914933.24
25/07/2021;754462019153.64;720865557104.24
26/07/2021;737688600121.68;697838325197.65
27/07/2021;760720407436.99;751465002268.73
28/07/2021;768888352002.86;754055163712.68
29/07/2021;790374615123.18;745446700496.74
30/07/2021;800962498734.03;780848294340.42
31/07/2021;840827049927.29;783372395696.65
01/08/2021;819522334372.37;745947267683.68
02/08/2021;803419496321.27;720828921867.73
03/08/2021;806992884002.81;711077679964.83
04/08/2021;847314591810.32;738906628363.26
05/08/2021;864121947549.23;761190324306.61
06/08/2021;913677810662.24;815118243083.46
07/08/2021;949656760434.52;841415899513.45
08/08/2021;898161292052.15;815403732419.09
09/08/2021;944642275410.48;854088664514.99
10/08/2021;993442316998.05;861224818314.71
11/08/2021;988989058823.41;847313671262.52
12/08/2021;1000017886168.91;848959938679.21
13/08/2021;1054264895926.32;893078523395.25
14/08/2021;1063922156972.55;878207761467.83
15/08/2021;1095121589069.12;892348612381.7
16/08/2021;1063934206505.14;862101136920.62
17/08/2021;1031481051714.99;851757685203.07
18/08/2021;1024795834080.88;833297722381.17
19/08/2021;1102039628083.45;886452651862.06
20/08/2021;1128601411712.14;916986199951.69
21/08/2021;1120783693446.51;923585943033.19
22/08/2021;1155404177625.73;945947994394.1
23/08/2021;1164594036919.76;932993291859.46
24/08/2021;1121621875563.8;911243684133.91
25/08/2021;1085689752648.93;886843669538.7
26/08/2021;1072638843381.8;886814531233.84
27/08/2021;1122853250198.67;916519302235.09
28/08/2021;1121477890526.04;908705544408.67
29/08/2021;1113626258772.88;901439862509.05
30/08/2021;1126967636381.1;888267765649.75
31/08/2021;1173879928185.52;891041156263.96
01/09/2021;1239863637675.74;931151300340.42
02/09/2021;1259393967744.85;932737273426.84
03/09/2021;1286200089438.65;946049283259.33
04/09/2021;1277406405751.56;934461317569.47
05/09/2021;1316869729161.11;974183854650.61
06/09/2021;1331340221657.76;990821776682.89
07/09/2021;1149272308503.47;871614134184.2
08/09/2021;1201958564239.41;870149272854.32
09/09/2021;1206140273128.52;877766982930.67
10/09/2021;1157484901863.82;852751718687.65
11/09/2021;1173644030347.14;854113023847.21
12/09/2021;1150227804321.2;840039086199,00
13/09/2021;1157072769454.79;851493314726.58
14/09/2021;1185398177193.63;882992804981.98
15/09/2021;1235649749093.12;909239291663.07
16/09/2021;1208984157997,00;902333347167.29
17/09/2021;1198618910048.34;917059446309.63
18/09/2021;1182925596529.32;905023309505.75
19/09/2021;1111346635863.19;861098048905.99
20/09/2021;1042371286023.69;803515937325.77
21/09/2021;1006485618302.42;788569401866.35
22/09/2021;1099234155850.19;827793005444.29
23/09/2021;1095906763294.96;834753884890.93
24/09/2021;1056469946703.63;800787363392.34
25/09/2021;1016975287338.52;791237919463.09
26/09/2021;1085250302702.91;831639909365.01
27/09/2021;1037652894326.09;800182519228.78
28/09/2021;1026682242582.3;795022414385.54
29/09/2021;1055768455121.57;820830906578.56
30/09/2021;1063135007342.78;828134333889.09
01/10/2021;1137362390211.42;898608465553.16
02/10/2021;1176717321600.83;902921279828.19
03/10/2021;1156985850612.97;897524746362.8
04/10/2021;1179877703403.29;930175124498.73
05/10/2021;1191977993676.25;971487199643.21
06/10/2021;1206186003033.83;1034462501708.9
07/10/2021;1217451616639.13;1019391693584.9
08/10/2021;1222808491775.94;1032444893421.2
09/10/2021;1225507204884.76;1049226097268,00
10/10/2021;1203752355760.66;1066538732969.2
11/10/2021;1182778959007.47;1085235006950,00
12/10/2021;1178323859786.23;1043805339959.5
13/10/2021;1233034553311.9;1092133733750.2
14/10/2021;1261642720815.49;1121255929400.6
15/10/2021;1267534613208.55;1169748857311.8
16/10/2021;1268178846562.82;1143448524313.7
17/10/2021;1270016310608.17;1176251175022.7
18/10/2021;1261062342407.34;1174831676373.2
19/10/2021;1261775384791.84;1205075426251.3
20/10/2021;1342854311174.35;1224025749581.4
21/10/2021;1340276945833.99;1190946040702.6
22/10/2021;1313265962392.86;1146612314787.1
23/10/2021;1337619290581.83;1150693820816.4
24/10/2021;1345998129889.36;1166295300281.3
25/10/2021;1369699312113.13;1174307724305.5
26/10/2021;1386807543891.36;1147841581993.4
27/10/2021;1322200914459.33;1111600661949.8
28/10/2021;1391497592735.58;1152345907820.6
29/10/2021;1407113512694.27;1159760696400.5
30/10/2021;1404571822079.66;1155445737526.2
31/10/2021;1383197992669.82;1140902671986.1
01/11/2021;1428485380014.57;1163182863149.4
02/11/2021;1474979962270.61;1186810060081.2
03/11/2021;1484757267985.91;1177676112852,00
04/11/2021;1492450106557.08;1179141910884,00
05/11/2021;1494860279798.55;1161307842051.4
06/11/2021;1508596715102.73;1171056755644,00
07/11/2021;1547928854323.63;1247689291307.3
08/11/2021;1581421901318.58;1283254586433.5
09/11/2021;1566317810542.02;1256562813141.7
10/11/2021;1541270653324.49;1224309077482.6
11/11/2021;1533043237150.14;1216747544769.7
12/11/2021;1518801555404.86;1205455006167.5
13/11/2021;1531151605808.93;1223297727632,00
14/11/2021;1549721175546.12;1239855738419.8
15/11/2021;1435408779531.17;1143133018399.3
16/11/2021;1384955412342.4;1123378953953.7
17/11/2021;1412094329098.51;1127360963293.1
18/11/2021;1352613686025.06;1061698954328.7
19/11/2021;1423868501528.63;1107720006226.1
20/11/2021;1442813085129.74;1113318634723.5
21/11/2021;1409763606202.66;1088963894722.9
22/11/2021;1396443010005,00;1064075223181.2
23/11/2021;1421817621980.9;1069008021019.8
24/11/2021;1426708116847.87;1083512015677.3
25/11/2021;1442373002618.63;1084873610007.1
26/11/2021;1359042626129.19;1026819383995.9
27/11/2021;1342876495503.41;1029270624759.1
28/11/2021;1413010049967.82;1086700336565.3
29/11/2021;1429481305651.45;1072223938020.3
30/11/2021;1486374928295.46;1078420668260.3
01/12/2021;1449409486284.39;1072777733630.2
02/12/2021;1466427552962.81;1075493265398.7
03/12/2021;1218919442375.38;889091290469.66
04/12/2021;1330881102482.7;939251221991.69
05/12/2021;1255487137608.26;911159336979.49
06/12/2021;1355496589487.11;967654075158.07
07/12/2021;1346399189976.71;957304731720.05
08/12/2021;1344283958347.27;933851139806.92
09/12/2021;1269145433551.29;903389265115.67
10/12/2021;1245616103795.42;907774048891.28
11/12/2021;1269119118791.55;928981623841.49
12/12/2021;1251604620604.56;923895845573.53
13/12/2021;1177764514448.76;880843774779.74
14/12/2021;1219007900546.48;907746670515.94
15/12/2021;1272907980868.59;926746164478.47
16/12/2021;1233323266778.06;891086429362.9
17/12/2021;1234730922245.06;876575617721.79
18/12/2021;1265553267893.33;898646978229.16
19/12/2021;1228209201495.22;878553073924.49
20/12/2021;1269903246988.06;916835409825.35
21/12/2021;1296071053870.1;929206389213.92
22/12/2021;1297201712767.85;916713966498.27
23/12/2021;1350367206871.92;963594909304.9
24/12/2021;1342250292600.26;965169531218.7
25/12/2021;1331253718305.06;942220016272.57
26/12/2021;1366817882176.12;963539609613.23
27/12/2021;1328343142956.44;933051836929.13
28/12/2021;1282755251620.24;904652010782.96
29/12/2021;1253479063714.58;889662424075.51
30/12/2021;1262109993534.36;897022899358.62
31/12/2021;1251192107020.44;878133615755.74
01/01/2022;1276648013012.89;892524539108.22
02/01/2022;1286091351316.11;887384966669.49
03/01/2022;1275688139259.94;878014560092.14
04/01/2022;1290968691316.97;878624775614.46
05/01/2022;1184100529841.3;817369632203.44
06/01/2022;1116010257921.12;783266060229.08
07/01/2022;1138465103097.36;794266354140.33
08/01/2022;1112702849313.52;793035732802.83
09/01/2022;1125406377073.99;796420269924.45
10/01/2022;1105403215920.73;796684926206.12
11/01/2022;1148442498757.37;806877129751.11
12/01/2022;1186840544902.03;826829115623.77
13/01/2022;1181309686451.67;811056916948.06
14/01/2022;1186337263208.03;814535740627.4
15/01/2022;1195844287449.06;817878787694.98
16/01/2022;1184770575935.28;810212450530.64
17/01/2022;1160406772967.66;799602310684.63
18/01/2022;1116883246883.17;788339855436.23
19/01/2022;1134404229821.55;795258774961.21
20/01/2022;1040309390607.26;733589247229.4
21/01/2022;918298824823.38;678364610045.45
22/01/2022;921285003538.78;669250193239.77
23/01/2022;905242071348.17;666960364954.2
24/01/2022;892450176008.4;679658085523.55
25/01/2022;923834045043.04;705484875561.79
26/01/2022;904844637165.59;684279476169.7
27/01/2022;914686980764.12;701003254279.16
28/01/2022;941101606633.42;715094816981.86
29/01/2022;958241830553.86;723784117074.14
30/01/2022;915257122364.98;701072977759.18
31/01/2022;972925032865.96;726778327696.44
01/02/2022;977154801722.62;725810206373.3
02/02/2022;945416149062.55;701273123050.8
03/02/2022;979591064538.54;720873220168.85
04/02/2022;1050292258626.61;785405727031.27
05/02/2022;1045279135804.47;785722673653.92
06/02/2022;1086850446818.83;810294526287.31
07/02/2022;1121419986303.18;846426552908.28
08/02/2022;1093560269339.76;827993095132.07
09/02/2022;1111903707983.6;833431457304.4
10/02/2022;1082122906797.72;820965445654.33
11/02/2022;1024374087150.35;798907053336.43
12/02/2022;1035885515548.19;803735799516.03
13/02/2022;1014924052901.79;799405610424.61
14/02/2022;1059440687661.39;826891398461.93
15/02/2022;1088951278121.26;835510873730.14
16/02/2022;1077370476663.66;830965403831.4
17/02/2022;1026836723186.73;772430218585.21
18/02/2022;1010104292872.02;766088680727.13
19/02/2022;958111800076.68;737585434103.94
20/02/2022;983359741555.12;742700124487.08
21/02/2022;910197281484.45;700507554705.68
22/02/2022;952012253178.23;721915607959.6
23/02/2022;855673539711.65;660410490952.05
24/02/2022;939610560952.94;733818716551.24
25/02/2022;979872366249.91;742029175101.09
26/02/2022;971086446855.65;736219222331.36
27/02/2022;944450626232.31;722559415274.65
28/02/2022;1032339124070.92;824412995296.43
01/03/2022;1042236881237.82;833075500137.48
02/03/2022;1032587503700,00;824644039553.54
03/03/2022;989681787072.6;785390726984.19
04/03/2022;955762198257.7;739838733523.82
05/03/2022;969327799498.43;748675718249.81
06/03/2022;937196469723.62;723884811208.58
07/03/2022;934252843821.07;726047554335.11
08/03/2022;990047352553.81;743163820848.38
09/03/2022;949158346105.34;801416586548.44
10/03/2022;954270411923.94;742579128928.37
11/03/2022;953689198076.58;742266358039.26
12/03/2022;953709199853.73;743451907111.94
13/03/2022;940447783701.96;731678861688.14
14/03/2022;936381922915.7;735929980230.6
15/03/2022;951966174894.88;746588918367.28
16/03/2022;990251679927.21;780133866538.05
17/03/2022;996385982494.89;774886816462.21
18/03/2022;1029258407866.22;792875151398.87
19/03/2022;1037269959918.32;795103597011.63
20/03/2022;1021827600243.38;777857551146.84
21/03/2022;1052225756254.39;806892709993.73
22/03/2022;1047144806425.01;797618259647.61
23/03/2022;1078656901653.23;816825083175.2
24/03/2022;1101488983906.77;837200136213.99
25/03/2022;1093922631913.38;845640855266.2
26/03/2022;1104670577862.33;848098280431.03
27/03/2022;1158065632857.81;892781858503.97
28/03/2022;1178796067172.29;904505921942.95
29/03/2022;1178872663702.24;902727759221.8
30/03/2022;1187685538084.71;894437698563.08
31/03/2022;1136078989701.7;849987042954.33
01/04/2022;1200407350737.34;884791691494.05
02/04/2022;1201747356432.59;881901767128.92
03/04/2022;1205584809269.1;878598408848.82
04/04/2022;1204422716086.37;887655391569.52
05/04/2022;1161745006632.13;861490757221.66
06/04/2022;1107592894217.56;824480278221.08
07/04/2022;1129190608412.08;829748080352.34
08/04/2022;1096193204726.95;808979571278.67
09/04/2022;1103292451934.9;811533703863.13
10/04/2022;1081112063803.54;803385589073.96
11/04/2022;1036701714642.53;761958429665.63
12/04/2022;1051463337926.6;763754037619.63
13/04/2022;1069413515110.3;785612821872.64
14/04/2022;1051248316408.38;762983878256.73
15/04/2022;1052838548218.36;769207314150.39
16/04/2022;1052840437920.13;767564971051.87
17/04/2022;1009369184775.27;740815194051.23
18/04/2022;1053218000897.32;773969261479.73
19/04/2022;1074271006915.16;788077216902.19
20/04/2022;1065435691357.95;788975948593.48
21/04/2022;1052041342780.45;774253571928.82
22/04/2022;1030476267790.99;752887344933.18
23/04/2022;1031076222069.55;755285130791.29
24/04/2022;998325066726.64;741452738471.69
25/04/2022;1039689041490.43;771655527584.92
26/04/2022;990798340939.06;731263248412.64
27/04/2022;996080011835.23;747890167113.07
28/04/2022;1000824690429.75;751909051884.03
29/04/2022;977150051571.07;736302060309.74
30/04/2022;946129874530.48;725241920959.89
01/05/2022;963647109854.13;743271925873.03
02/05/2022;956846871549.46;733038709025.66
03/05/2022;946437523183.4;726498642444.41
04/05/2022;993363052206.88;754484941915.52
05/05/2022;934813078142.64;695312848571.24
06/05/2022;912473562425.98;682963759758.15
07/05/2022;878964204199.51;656564729681.96
08/05/2022;855589511928.33;638025629602.67
09/05/2022;817165316267.16;607833571547.6
10/05/2022;782987900047.58;598738548474.41
11/05/2022;611867846346.63;515796489254.85
12/05/2022;710284400002.13;582358636007.8
13/05/2022;676224312408.08;559543071523.28
14/05/2022;678921345327.34;566872024096.64
15/05/2022;685234967285.43;571898300621.74
16/05/2022;694477424162.99;578438155763.01
17/05/2022;688094893555.55;572284993724.08
18/05/2022;656398414691.29;554535417295.91
19/05/2022;678343686078.81;574111483531.39
20/05/2022;662073901649.81;557182561338.17
21/05/2022;667249848091.88;559521159251.34
22/05/2022;687053289758.59;577358827866.11
23/05/2022;672480786601.19;559556143970.87
24/05/2022;672779314388.28;568183771100.74
25/05/2022;656562556630.92;564993808144.57
26/05/2022;609494910993.58;546757590055.88
27/05/2022;620382419995.59;549449461743.71
28/05/2022;622909376022.05;552896519785.22
29/05/2022;654772608564.73;580230941471.14
30/05/2022;677842410508.03;602722131430.63
31/05/2022;668078685670.48;602777619292.25
01/06/2022;636094478229.51;569083460199.93
02/06/2022;644209443347.34;581636337436.2
03/06/2022;627148489125.1;565706700639.76
04/06/2022;631585146903.74;567528778897.88
05/06/2022;651976125641.8;593962682975.7
06/06/2022;623378492423.5;562681559160.87
07/06/2022;637471414164.52;582804656467.15
08/06/2022;634225506590.97;577765090808.3
09/06/2022;635080982113.12;573861906113.16
10/06/2022;608129984436.77;558374611072.88
11/06/2022;547566739334.04;521110854536.22
12/06/2022;515501792355.65;480155416360.66
13/06/2022;504468941931.6;434446241117.56
14/06/2022;477674929265.75;406270134931.06
15/06/2022;501688977373.15;418787832253.56
16/06/2022;479892964535.67;395658198562.48
17/06/2022;475054087966.02;389690209255.18
18/06/2022;444794417539.39;347550095590.98
19/06/2022;476972888510.07;382466045171.57
20/06/2022;500653022391.11;400562083126.95
21/06/2022;488665377235.29;389574673836.63
22/06/2022;490160946757.94;387849805831.41
23/06/2022;506990856620.45;399243270856.44
24/06/2022;524426678705.76;404759026683.45
25/06/2022;528516692351.77;408790702895.72
26/06/2022;521922221613.87;404112597692.65
27/06/2022;512013799003.32;396537233591.1
28/06/2022;494456864565.36;384105101644.41
29/06/2022;484099681266.14;381237177822.55
30/06/2022;477821683527.7;371669521091.18
01/07/2022;475674256305.98;367200442398.42
02/07/2022;477167703481.72;363572319492.16
03/07/2022;477319713344.51;365162175674.73
04/07/2022;502375594194.59;387557671696.12
05/07/2022;495215594416.73;381570875812.69
06/07/2022;502845179714.48;387480788845.86
07/07/2022;520911496433.32;416564112774.97
08/07/2022;516980253803.31;410477137169.06
09/07/2022;512580162096.7;407517811322.15
10/07/2022;497671630431.79;391584297123.99
11/07/2022;483844104734.15;379720723992.14
12/07/2022;476913160193.75;372600535619.85
13/07/2022;488480706836.94;383834109674.62
14/07/2022;509422958231.47;393838469255.34
15/07/2022;507635697618.03;393465081381.39
16/07/2022;538275455735.69;408069443345.46
17/07/2022;555348255324.29;415998416208.72
18/07/2022;572074405764.95;420300577317.36
19/07/2022;590142541391.95;449250196337.63
20/07/2022;561782079708.62;437912754475.14
21/07/2022;585162563403.51;442641103097.97
22/07/2022;580945610649.48;437450422145.02
23/07/2022;582648043594.46;434178797028.53
24/07/2022;564325389399.35;418796471030.55
25/07/2022;540492413386.33;404057682959.2
26/07/2022;547805244631.06;405380126486.19
27/07/2022;589996352177.19;443102788590.96
28/07/2022;616951236241.33;458364896881.54
29/07/2022;611786269369.04;454407440732.7
30/07/2022;614949509099.42;453545457669.58
31/07/2022;611542971542.91;445826668081.16
01/08/2022;587317193825.32;437640847175.7
02/08/2022;598253753031.05;439125590581.58
03/08/2022;606784546990.99;442252393796.35
04/08/2022;614662006843.52;446359564947.18
05/08/2022;624636226030.36;443517877535.7
06/08/2022;616690839845.98;439523830753.5
07/08/2022;632367974949.57;449870628114.66
08/08/2022;638708434951.43;455236676508.55
09/08/2022;614989922940.99;437906310430.92
10/08/2022;660410923008.82;469881116431.41
11/08/2022;655729222831.09;458802756177.6
12/08/2022;678383869177.21;474151297669.42
13/08/2022;679476003489.05;470539636310.42
14/08/2022;670177894387.89;473079732145.53
15/08/2022;650847624973.39;458474731960.14
16/08/2022;667383421937.26;464633087128.34
17/08/2022;641764383740.19;448347651806.1
18/08/2022;620274680275.9;436194422892.33
19/08/2022;586511768677.05;404561709779.14
20/08/2022;578389572325.47;406066903050.12
21/08/2022;583909509568.6;409493203031.48
22/08/2022;577085852181.78;402087411892,00
23/08/2022;592033708573.02;410484700536.77
24/08/2022;597948377358.37;412685288835.81
25/08/2022;594269927820.64;409569509805.58
26/08/2022;556617090003.68;385209750560.39
27/08/2022;558685466121.55;383428192341.41
28/08/2022;548337721527.94;378647646967.94
29/08/2022;576666059495.14;390686894338.1
30/08/2022;579730457406.25;389795035868.81
31/08/2022;566552416526.19;383353407933.93
01/09/2022;574065211152.58;384393013493.28
02/09/2022;572888959987.24;381890909128.32
03/09/2022;570961946832.46;378750898260.45
04/09/2022;572332122659.89;378051375006.74
05/09/2022;588974418708.1;379020192142.25
06/09/2022;554855181843.91;358972330725.33
07/09/2022;583208965965.1;369782686814.31
08/09/2022;603292647464.82;392650293335.05
09/09/2022;612642740656.88;412623406250.04
10/09/2022;615860178564.59;413538971888.57
11/09/2022;608899448147.73;416741550609.24
12/09/2022;610680755670.2;429011469888.03
13/09/2022;582768944305.46;388898720786.82
14/09/2022;577674768195.96;385494430048.14
15/09/2022;558167854705.15;378891699530.64
16/09/2022;555805608905.1;380468085732.1
17/09/2022;563364561517.83;384511953959,00
18/09/2022;526168089425.95;355698356098.7
19/09/2022;539264629986.92;370695423432.15
20/09/2022;535978071524.37;363256843614.79
21/09/2022;525328823472.95;358366212226.23
22/09/2022;555064574882.46;371388129365,00
23/09/2022;552521312172.52;366794511972.11
24/09/2022;545129236660.85;364003777334.81
25/09/2022;535272348390.56;360643771971.27
26/09/2022;558646219722.55;386652365736.09
27/09/2022;532766382545.54;361061978393.47
28/09/2022;542263894358.8;372374881894.63
29/09/2022;545645225512.74;373286271915.78
30/09/2022;543042302525.54;370053984040.07
01/10/2022;541657677372.31;370716491172.72
02/10/2022;535319168124.3;369348585166.14
03/10/2022;542381747127.21;376056558533.38
04/10/2022;552258715271.76;387419126291.75
05/10/2022;555246510371.55;388602515892.7
06/10/2022;547664486977.46;382763821184.6
07/10/2022;545183933613.13;373921398153.06
08/10/2022;541325226222.77;372528196868.35
09/10/2022;543725427436.71;372324000886.24
10/10/2022;527399016672.79;364957862546.88
11/10/2022;530509804950.54;366393345571.9
12/10/2022;524517923208.93;366117984683.65
13/10/2022;536599291181.58;379758651451.6
14/10/2022;526884457174.26;367863695633.79
15/10/2022;524880710127.1;367301449170.48
16/10/2022;529462914575.22;369962916003.08
17/10/2022;535499497913.32;375001447838.23
18/10/2022;529114876349.99;369422973511.88
19/10/2022;526548930081.33;367122181335.83
20/10/2022;520106528439.25;365554361887.2
21/10/2022;523055482705.43;367377633164.36
22/10/2022;526922033457.17;368141646917.51
23/10/2022;532852604722.73;371261528376.63
24/10/2022;532818516450.52;371220588650.72
25/10/2022;560850562190.06;387487121564.64
26/10/2022;578906210559.7;399490958303.55
27/10/2022;565503117145.32;389534698553.4
28/10/2022;583584127823.65;396669404622.61
29/10/2022;598295774062.11;399219039212.24
30/10/2022;589951206208.03;394256345909.57
31/10/2022;596875977764.63;394200776544.39
01/11/2022;591934388169.18;393178538341.48
02/11/2022;590008241101.15;390903561347.3
03/11/2022;595841208384.07;393222450781.75
04/11/2022;622478802130.66;410872013875.56
05/11/2022;612811431109.73;406631483213.03
06/11/2022;597669722812.63;400035345096.01
07/11/2022;571949083412.88;380143688712.23
08/11/2022;526911794781.54;352312769956.13
09/11/2022;493343426545.34;321376078086.89
10/11/2022;511201092759.24;330601005901.82
11/11/2022;500779149629.61;322131112549.82
12/11/2022;495334395000.54;320621669209.5
13/11/2022;489195895249.17;317208028342.86
14/11/2022;497361258436.53;321589630980.47
15/11/2022;500228502399.66;324294475039.01
16/11/2022;487042963433.86;318655881190.22
17/11/2022;490926576793.32;322716912032.17
18/11/2022;487004933831.84;319141319572.89
19/11/2022;491494366860.5;320545461550.02
20/11/2022;467930205450.07;309606107991.6
21/11/2022;456955425073.43;301394645877.24
22/11/2022;481314333670.07;316914796803.26
23/11/2022;493612428250.92;320878224789.22
24/11/2022;488193538716.77;315685792380.24
25/11/2022;497109052868.87;318404917315.64
26/11/2022;498908918510.96;318297545882.74
27/11/2022;484962173968.86;311470786191.99
28/11/2022;494811770787.47;316728712110.26
29/11/2022;503885672229.19;324278234740.75
30/11/2022;506812800814.76;328951080306.56
01/12/2022;501633894157.26;325406363364.03
02/12/2022;505368093508.5;326591949125.83
03/12/2022;502032280611.19;326975056927.88
04/12/2022;510770135836.74;332813695578.29
05/12/2022;501655843096.97;326943244246.63
06/12/2022;497789777920.8;325862877274.49
07/12/2022;492772336665.8;323387684453.52
08/12/2022;503366619129.46;331214478182.7
09/12/2022;499755339217.82;329883892720.13
10/12/2022;501792776788.07;330261120613.32
11/12/2022;491242697079.21;325916475610.37
12/12/2022;489481681423.86;329682945041.9
13/12/2022;503953166600.84;342165530841.79
14/12/2022;495299607131.22;341096580169.64
15/12/2022;516108171220.32;335907529845.77
16/12/2022;461242251777.3;321902326201.93
17/12/2022;466307522554.14;322249264526.55
18/12/2022;463265848856.23;322218598912.35
19/12/2022;465569983606.67;323784268736.23
20/12/2022;464188853211.72;324085610588.76
21/12/2022;463596955794.56;323334234903.89
22/12/2022;466608050060.39;324266410226.76
23/12/2022;464355930468.26;323882073670.24
24/12/2022;464675528603.98;323981698066.14
25/12/2022;464265930225.29;324482568517.47
26/12/2022;466424231619.51;325037968648.31
27/12/2022;457032658181.47;320185643726.98
28/12/2022;455871689739.88;318874874667.01
29/12/2022;454232050062.62;318429071418.98
30/12/2022;455199207532.49;318584151460.04
31/12/2022;454887095164.11;318400589455.51
01/01/2023;457954946496.72;320429064938.1
02/01/2023;464627310192.19;322071432697.83
03/01/2023;473182495062.15;324614449237.69
04/01/2023;474165155643.98;323968044503.41
05/01/2023;469818947918.96;323250728948.81
06/01/2023;476187464820.29;326175802738.4
07/01/2023;475544841667.26;326362405561.39
08/01/2023;493542254882.25;331165854222.57
09/01/2023;494750256671.49;331344214141.35
10/01/2023;497301377243.78;335861703782.17
11/01/2023;511751389788.96;349494521516.56
12/01/2023;517330121408.98;363054497667.95
13/01/2023;558515210615.57;403154538596.43
14/01/2023;545271683897.52;398709284775.04
15/01/2023;558625863840.07;406612336898.36
16/01/2023;552804498039.33;406487194297.01
17/01/2023;555827022357.22;409504521493.48
18/01/2023;540252025012.04;401512686659.59
19/01/2023;543146456729.32;403870111083.7
20/01/2023;574877498470.58;435781832188.2
21/01/2023;570083183386.23;441431424756.91
22/01/2023;576315170573.01;438844307235.16
23/01/2023;581088685000.3;445089249274.58
24/01/2023;573476927268.79;441313644024.05
25/01/2023;574072388764.62;444655378441.79
26/01/2023;569733501841.58;443398712978.82
27/01/2023;579107945769.42;444270311734.84
28/01/2023;576373576191.12;447482531941.07
29/01/2023;583372873200.22;456977130109.8
30/01/2023;567340770397.44;440979518008.61
31/01/2023;568137817925.4;444526539353.28
01/02/2023;595086136615.56;459244477595.31
02/02/2023;588651396603.13;453497638987.45
03/02/2023;594722521489.49;450372203090,00
04/02/2023;598649074709.92;451479119062.24
05/02/2023;583818095534.94;439362075120.14
06/02/2023;587437054504.56;442356662675.04
07/02/2023;599364803913,00;447724174833.07
08/02/2023;586049451900.85;437630553291.03
09/02/2023;562798914051.85;422042645414.65
10/02/2023;558628029173.04;418338447750.26
11/02/2023;562623106139.75;420815772204.02
12/02/2023;558833363724.26;420834186752.86
13/02/2023;550144418033.22;419901428650.01
14/02/2023;565896045126.08;427251606129.33
15/02/2023;598073691137.11;473527771462.35
16/02/2023;589385675809.46;458238690885.48
17/02/2023;602425483851.89;474289557687.38
18/02/2023;604438414075.97;475930696777.97
19/02/2023;607410300147.12;473194008513.68
20/02/2023;610115847859,00;482140394187.24
21/02/2023;587989591657.09;462523588399.37
22/02/2023;597875867458.39;470906302487.27
23/02/2023;591385284987.14;461323751805.64
24/02/2023;574433164845.36;445846593653.22
25/02/2023;573662787332.42;447389399332.19
26/02/2023;580556689923.42;452196864116.35
27/02/2023;577269710558.67;451581287107.84
28/02/2023;583310937086.43;458292628465.99
01/03/2023;578303233251.83;452814615925.06
02/03/2023;556858493957.01;431951598513.45
03/03/2023;558541926125.24;432179104604.5
04/03/2023;556380546591.29;432586078022.61
05/03/2023;552470532071.57;432534165638.84
06/03/2023;554704082663.26;433367989825.95
07/03/2023;548174908001.78;425700986265.58
08/03/2023;542720720451.69;419870249516.65
09/03/2023;511461256091.94;384301566471.45
10/03/2023;516769398438.07;395807122166.86
11/03/2023;519926458759.57;396784108511.62
12/03/2023;556851341833.71;433108425383.81
13/03/2023;571306942348.72;472683422765.18
14/03/2023;580067067507.96;477821150071.92
15/03/2023;563710243218.22;474155750776.7
16/03/2023;577300386347.58;499158586953.69
17/03/2023;605296479352.96;534610235327.24
18/03/2023;593764829316.34;523974395532.68
19/03/2023;590677264928.73;534592926038.04
20/03/2023;581291986202.34;536446557820.34
21/03/2023;601702837233.79;545599357988.32
22/03/2023;585769340782.48;535607320549.63
23/03/2023;598482435247.55;546717405201.43
24/03/2023;582842113136.51;531358074663.82
25/03/2023;584201822204.06;532536423355.1
26/03/2023;582614424770.71;535579961428.47
27/03/2023;576245487985.39;523189808649.17
28/03/2023;592609979429.98;532221748966.07
29/03/2023;595760188140.07;553642885911.71
30/03/2023;595163996481.39;542118188703.79
31/03/2023;599004689755.18;551947178089.09
01/04/2023;599794841633.54;550416513827.52
02/04/2023;586599621516.78;535128550375.01
03/04/2023;594975664147.64;539510890488.6
04/04/2023;615424157711.86;552530850387.07
05/04/2023;606650147613.49;542229335135.9
06/04/2023;602115420702.86;541325554880.85
07/04/2023;603846657116.32;544190466710.53
08/04/2023;596003527075.92;541292158679.2
09/04/2023;599622059474.76;547452475045.16
10/04/2023;615702305937.81;579731826151.95
11/04/2023;602655377451.66;579318785713.78
12/04/2023;613240559897.26;582391509806.84
13/04/2023;651318584225.13;596129399227.79
14/04/2023;642914126921.28;588779991369.22
15/04/2023;646435479551.45;586669659689.29
16/04/2023;649542867390.35;580544798107.95
17/04/2023;648595171285.28;572614115351.34
18/04/2023;649092243518.4;585424341584.99
19/04/2023;616578212700.41;560148261789.44
20/04/2023;606406349755.94;544583073658.58
21/04/2023;592865178903.66;529460998918.69
22/04/2023;597159648579.57;534119980659.27
23/04/2023;594664246221.49;535867740759.53
24/04/2023;588716543763.84;530495219768.85
25/04/2023;600029583506.41;550092649041.53
26/04/2023;602567401604.25;562179851589.13
27/04/2023;603932847737.94;570639837323.1
28/04/2023;602652621413.87;568869553867.31
29/04/2023;602713001431.49;566812338721.84
30/04/2023;592095108034.92;551602182225.41
01/05/2023;586215110177.84;542356055547.71
02/05/2023;589482350441.88;551331440085.88
03/05/2023;598857519616.14;564869008861.31
04/05/2023;596487434514.65;565714873549.77
05/05/2023;606371615118.14;568249702552.06
06/05/2023;593521604485.84;560387102390.21
07/05/2023;582621230417.53;547335241172.64
08/05/2023;574465648435.28;533268522125,00
09/05/2023;573097110537.04;534869139457.73
10/05/2023;572874945413.38;533181637057.52
11/05/2023;555696219577.89;509101533324.42
12/05/2023;567850752148.38;519168445453.02
13/05/2023;573811988786.9;520039748798.7
14/05/2023;578920805299.6;529606590458.82
15/05/2023;570076749735.63;524292094302.04
16/05/2023;573445808934.29;522633879581.07
17/05/2023;576073012945.9;527789525961.98
18/05/2023;572774667489.13;521251310407.38
19/05/2023;572043064398.78;520773091566.74
20/05/2023;573855143529.61;525382458395.25
21/05/2023;568911617674.75;518858618825.42
22/05/2023;581699271946.9;531095299511.96
23/05/2023;571830081576.11;518426009890.83
24/05/2023;564740934717.83;509381120253.08
25/05/2023;565334525431.22;510877403681.75
26/05/2023;572777227994.17;518399177892.31
27/05/2023;577911541344.46;527419569862.04
28/05/2023;588790660392.69;542936121695.57
29/05/2023;586804262106.82;538480817820.39
30/05/2023;579142855362.75;524866631252.91
31/05/2023;577978093213.07;520784500659.96
01/06/2023;586479245639.8;526139252731.09
02/06/2023;589450931664.03;526966797519.18
03/06/2023;586825633188.83;524673995781.38
04/06/2023;583570830461.21;520210041189.26
05/06/2023;563063161022.95;499729438470.24
06/06/2023;574274178454.49;522552025782.04
07/06/2023;558470703244.87;511131964814.69
08/06/2023;559572781600.76;513799578918.91
09/06/2023;523385520203.34;495693154412.75
10/06/2023;527134529845.05;501040972720.65
11/06/2023;522634807484.71;500525039887.28
12/06/2023;528888970089.13;506168883373.14
13/06/2023;528258341254.46;501886581686.26
14/06/2023;511540598922.2;483833921949.9
15/06/2023;517796179457.23;495137717260.29
16/06/2023;534316235983.49;516962751423.88
17/06/2023;529462021551.95;515099080921.27
18/06/2023;528170152601.29;513283086572.45
19/06/2023;528189712138.87;520311428017.72
20/06/2023;548443748072.44;558326178731.36
21/06/2023;566909002739.18;585823269456.88
22/06/2023;560868375619.76;583237100892.02
23/06/2023;567521900470.77;595887791775.73
24/06/2023;570131693322.21;597922306829.96
25/06/2023;561061337784.61;586537258974.55
26/06/2023;560132964802.79;588313837876.54
27/06/2023;558430570816.75;590123834339,00
28/06/2023;549698289014.74;586060219993.35
29/06/2023;563926409421.31;595693461032.3
30/06/2023;571447891197.41;590888609427.75
01/07/2023;574212844833.51;592231009103.23
02/07/2023;581093314297.47;595707116227.65
03/07/2023;582567136535.27;600849454569.6
04/07/2023;578840405330.92;598305696118.61
05/07/2023;572700054568.52;593734772895.76
06/07/2023;557772014152.01;584403595956.38
07/07/2023;562763831789.19;587541570711.95
08/07/2023;562999446273.89;588012418466.94
09/07/2023;557398966793.82;584695857743,00
10/07/2023;566786008425.91;592387396744.56
11/07/2023;568795729284.18;596016716790.37
12/07/2023;562790858113.27;589023240504.98
13/07/2023;617257959683.69;609647569176.93
14/07/2023;595370112059.47;588490468799.84
15/07/2023;594932956625.81;587600901810.06
16/07/2023;597075021736.7;588443048986.52
17/07/2023;591457083920.63;584406795983.65
18/07/2023;595427000939.81;584952216387.56
19/07/2023;598054887177.46;586142559822.15
20/07/2023;592985062160.94;579278407442.61
21/07/2023;593442904797.11;580483298843.8
22/07/2023;588051568364.57;581563734680.45
23/07/2023;584841858512.13;579038261653.83
24/07/2023;576760949391.34;566291861068.9
25/07/2023;582240330552.94;568852364217.1
26/07/2023;587121574784.92;573025979029.34
27/07/2023;581351326622.16;567340835863.37
28/07/2023;586355032626.3;570855431652.57
29/07/2023;587879493501.64;569908668534.58
30/07/2023;583931772439.47;571249176158.44
31/07/2023;574776740548.07;562043364970.96
01/08/2023;582428552423.43;576677097617.99
02/08/2023;571991700720.92;566304412982.85
03/08/2023;569879948213.15;568217118077.68
04/08/2023;566225926848.41;564815240461.5
05/08/2023;569754279198.07;565257458404.2
06/08/2023;568823150972.05;565334896969.73
07/08/2023;568098747100.53;568250627815.81
08/08/2023;575299924630.59;577935861239.17
09/08/2023;574469462813.39;575129555230.72
10/08/2023;572295700233.83;571884912286.36
11/08/2023;571682698343.45;571531157274.24
12/08/2023;572422541304.41;571435126691.65
13/08/2023;573065188895.7;571768315046.04
14/08/2023;571495749923.56;570915314002.74
15/08/2023;560991532168.68;566138581213.92
16/08/2023;552693739752.96;557262537170.75
17/08/2023;521642751897.3;515668934165.38
18/08/2023;518771571896.67;503968311789.61
19/08/2023;522354447494.11;507768999481.45
20/08/2023;524640693084.88;508249920495.67
21/08/2023;517770159048.64;506578737882.83
22/08/2023;515598305097.59;506769692434.75
23/08/2023;524004826885.43;513901944478.07
24/08/2023;516303130910.94;506878431130.71
25/08/2023;517809326933.41;506990874479.31
26/08/2023;517712965619.36;506676179126.9
27/08/2023;516539994932.57;505666916343.04
28/08/2023;517989921902.29;507069332284.02
29/08/2023;533464804720.78;534505681989.75
30/08/2023;528870604502.69;530281246647.69
31/08/2023;516170264651.02;506832217715.55
01/09/2023;513835785799.3;502775381311.07
02/09/2023;514016350148.41;504421534514.47
03/09/2023;514502068085.19;505406899773.45
04/09/2023;511874783253.42;500830277492.92
05/09/2023;511599023636.06;501233037544.49
06/09/2023;514249892306.57;501965210206.33
07/09/2023;516106381634.9;510894495494.38
08/09/2023;513011415417.01;503587392639.06
09/09/2023;509278226366.16;503586741894.66
10/09/2023;507037371047.13;504252366835.86
11/09/2023;499659483193.78;502517238014.48
12/09/2023;499501929640.65;504223778971.75
13/09/2023;506001314969.69;511101511407.52
14/09/2023;512182245267.54;517936556372.4
15/09/2023;516680755856.77;516939638000.13
16/09/2023;513743299455,00;517408913076.4
17/09/2023;515100607256.21;519863384779.68
18/09/2023;517507242104.67;522253417823.78
19/09/2023;518729045034.57;526527585854.58
20/09/2023;516846752987.4;527237523808.43
21/09/2023;510648041681.99;519842796155.97
22/09/2023;510773345146.41;517674956017.19
23/09/2023;509559737957.63;517713930143.26
24/09/2023;505894266902.07;508816854607.59
25/09/2023;509798790712.5;513208999313.26
26/09/2023;507820924922.51;511807331705.1
27/09/2023;511113812367.38;515027750506.15
28/09/2023;520796531153.44;525729823033.33
29/09/2023;523384227812.46;525206897260.57
30/09/2023;526056733211.78;528366266846.43
01/10/2023;535523584840.22;546076438454.35
02/10/2023;524710711482.45;537697275332.8
03/10/2023;519759995112.15;534275229089.49
04/10/2023;520715160422.27;539294014158.75
05/10/2023;518384664132.45;536364560373.74
06/10/2023;522141220392.67;544248572004.87
07/10/2023;519536127567.95;545334491364.12
08/10/2023;518395100208.34;543765811632.44
09/10/2023;507935519019.76;539012919892.84
10/10/2023;501577131723.07;528870646973.24
11/10/2023;501654279226.5;523872238792.68
12/10/2023;496602993767.21;522916869149.51
13/10/2023;500347745467.55;524697416947.77
14/10/2023;501800998262.74;524557844925.76
15/10/2023;510537267798.94;544610331936.41
16/10/2023;509025159457.52;549798691457.81
17/10/2023;508044299597.76;559860361949.79
18/10/2023;501872551973.28;552704281537.39
19/10/2023;512863864185.86;570339764091.43
20/10/2023;515868479280.33;577714516189.77
21/10/2023;529821585795.53;588956977058.19
22/10/2023;540590269425.13;603037290555.82
23/10/2023;562134149156.2;665482104615.66
24/10/2023;558788096810.81;664761108737.53
25/10/2023;561870416346.67;672735128645.23
26/10/2023;560300995225.07;665528419714.09
27/10/2023;561347307465.17;666132707128.54
28/10/2023;558974122802.51;664562562006.87
29/10/2023;561977723969.53;668486308133.38
30/10/2023;570965328123.86;670374423851.15
31/10/2023;567824940792.65;670832342097.97
01/11/2023;582215277515.56;687400111161.29
02/11/2023;574390099687.36;674955693781.06
03/11/2023;583891600179.92;682867929392.48
04/11/2023;597053540378.58;686809745742.32
05/11/2023;600262578758.83;681572628988.22
06/11/2023;609385646216.58;682797780642.5
07/11/2023;607453309836.77;688555946056.57
08/11/2023;623021585968.74;717536179783.62
09/11/2023;645852700433.05;714782582461.64
10/11/2023;648404794417.61;724695540084.69
11/11/2023;654350478770.85;726110629771.38
12/11/2023;649090554858.04;722604744585.01
13/11/2023;647082194288.56;717159194254.48
14/11/2023;637263396211.46;696027107329.15
15/11/2023;665737775254.38;734271526437.27
16/11/2023;642484770390.3;709759986028.08
17/11/2023;622013219397.28;709269533308.39
18/11/2023;638268491692.87;716809256829.3
19/11/2023;646720728924.87;726366075727.47
20/11/2023;643428084961.52;729275318525.89
21/11/2023;633566476263.03;714475874270.96
22/11/2023;649408216393.44;730203057523.07
23/11/2023;649479687633.17;730659425135.52
24/11/2023;658174248359.58;739542572546.59
25/11/2023;658525022747.26;738553365277.64
26/11/2023;649146078702.12;729399939426.99
27/11/2023;636676855419.3;725753785371.08
28/11/2023;652627043273.43;746260556690.79
29/11/2023;641852374810.55;741184073454.82
30/11/2023;653668167228.68;749003345768.3
01/12/2023;660320776966.81;758981950213.46
02/12/2023;667873709384.17;771241149390.48
03/12/2023;688654029297.59;810759943430.78
04/12/2023;676985037687.35;813668968909.81
05/12/2023;694471956383.12;854851676022.4
06/12/2023;695329213765.03;859186569217.58
07/12/2023;716938161424.44;848458030030.45
08/12/2023;738539485942.69;865916629269.93
09/12/2023;731167243447.5;859142069754.72
10/12/2023;705538327865.21;826320299319.14
11/12/2023;712577917979.91;818640433334.3
12/12/2023;690410676906.53;804563644095.56
13/12/2023;726134384125.68;839193117788.46
14/12/2023;725130706894.67;833769939559.72
15/12/2023;721129672698.51;825750600466.93
16/12/2023;716416020455.97;820837866941.81
17/12/2023;700009344196.11;805765611119.48
18/12/2023;720840421097.42;839833380645.74
19/12/2023;714738732387.79;839466422767.65
20/12/2023;728400693699.35;858265179723.46
21/12/2023;746642142674.9;859726335659.23
22/12/2023;749381526903.65;854890571080.34
23/12/2023;761227733020.04;852798367982.17
24/12/2023;764236252523.06;845878115901.55
25/12/2023;756905287309.52;837701666982.48
26/12/2023;757924990446.1;830754837884.23
27/12/2023;786043312386.87;842878335746.77
28/12/2023;780811495947.51;832705576015.71
29/12/2023;771792396875.14;823996065327.31
30/12/2023;768601719887.11;828527356313.83
31/12/2023;765631339162.74;831391615751.15
01/01/2024;797476511257.43;887336993389.33
02/01/2024;793058459407.3;887742725171.61
03/01/2024;753207475028.74;846296411042.32
04/01/2024;753475583565.02;859311925325.16
05/01/2024;726539987699,00;851727224026.19
06/01/2024;740198785567.02;862551065558.07
07/01/2024;721305106127.41;862423012578.62
08/01/2024;753516126886.69;916449190887.34
09/01/2024;757007922034.39;900620301241.09
10/01/2024;799099750804.34;901605235267.65
11/01/2024;808702095802.05;901786038176.14
12/01/2024;786488090195.26;846167095275.65
13/01/2024;791685581362.01;843163855221.89
14/01/2024;785253745532.46;835478962047.92
15/01/2024;788211383631.13;835985690391.62
16/01/2024;789060821119.96;838461515644.73
17/01/2024;784560994868.5;840073765442.9
18/01/2024;764069060661.61;812350945436.31
19/01/2024;765974525047.46;816492203274.48
20/01/2024;766068389734.43;815170504864.1
21/01/2024;755743773588.72;806021825469.83
22/01/2024;733503710619.57;783898389166.85
23/01/2024;714026421164.86;780342884589.74
24/01/2024;716558536734.18;784195057823.4
25/01/2024;714502804947.41;784113282923.2
26/01/2024;734367272089.1;818216823039.21
27/01/2024;743732906681.49;831525912598.22
28/01/2024;740805191617.88;827106840190.17
29/01/2024;753657648072.67;850303878369.13
30/01/2024;750474245430.49;842746490173.28
31/01/2024;730681412354.21;825790443658.93
01/02/2024;747164410221.82;847658033732.16
02/02/2024;750083151051.75;844989667601.86
03/02/2024;742173662767.99;840058656898.3
04/02/2024;743072658448.64;839128925493.11
05/02/2024;743556860130.83;838209003268.98
06/02/2024;749291572313.66;841817489143.99
07/02/2024;768011343272.93;872642850673.3
08/02/2024;780818789960.19;908533916618.14
09/02/2024;795485922418.85;928896495859.83
10/02/2024;804271933540.86;947901216083.08
11/02/2024;791971160886.43;946910975548.26
12/02/2024;825081456368.17;982676903600.79
13/02/2024;824241556456.11;976183916920.66
14/02/2024;853875799472.19;1022124999765.5
15/02/2024;865323776290.58;1017929035298.4
16/02/2024;857983971081.53;1019911358215.8
17/02/2024;857990064455.66;1011072429165,00
18/02/2024;885925802486.62;1028818984803.5
19/02/2024;887247550886.61;1019079262787.5
20/02/2024;872896871764.69;1011947619481.5
21/02/2024;882031283775.02;1014526369112.4
22/02/2024;881251488672.91;1006274824753.3
23/02/2024;881623770364.64;1000621101153,00
24/02/2024;898070712884.23;1016220582011.4
25/02/2024;915636433339.14;1010842913083.1
26/02/2024;945680520005.95;1073308426819.1
27/02/2024;950184726617.07;1240947980778.7
28/02/2024;1006237683656.98;1237093719530.4
29/02/2024;997578462228.22;1211605336650.7
01/03/2024;1027496220457.93;1217904438031.5
02/03/2024;1027452546833.69;1215480322698.9
03/03/2024;1050995666185.7;1248423057432.3
04/03/2024;1100582686644.46;1319891833659.2
05/03/2024;1085539499749.69;1295235930859.4
06/03/2024;1097317401135.74;1293624789290.6
07/03/2024;1143102804284.43;1326281526059.1
08/03/2024;1163007642980.51;1347552075420.8
09/03/2024;1164051445666.68;1364701167996.4
10/03/2024;1141193973485.19;1345951738604.1
11/03/2024;1193989363874.66;1412427541907.8
12/03/2024;1200413102794.2;1419151069207.6
13/03/2024;1214872876942.31;1441499379828.8
14/03/2024;1142697003716.57;1327990716235.2
15/03/2024;1165721070675.77;1356484626606.1
16/03/2024;1111577557822.63;1302053666523.5
17/03/2024;1150996544396.24;1346634567044.1
18/03/2024;1069638488851.99;1279403144906.6
19/03/2024;1013866244229.79;1211519313733.4
20/03/2024;1119901024344.41;1322566117509.8
21/03/2024;1125012215154.35;1307855922318.9
22/03/2024;1081295107039.57;1258649250129.6
23/03/2024;1090290891480.22;1263654869845.9
24/03/2024;1137579167314.04;1322988565483.5
25/03/2024;1177099077332.63;1384304138424.1
26/03/2024;1168747535787.59;1386414008333.4
27/03/2024;1146815686746.42;1371402691838.8
28/03/2024;1161952720974.53;1378868004030.2
29/03/2024;1165238897175.28;1375554893683.5
30/03/2024;1176990142779.5;1383734090703.8
31/03/2024;1152954158927.33;1363641688306.6
01/04/2024;1106596737573.96;1314779691398.4
02/04/2024;1099364404866.26;1302907013976,00
03/04/2024;1091961398210.33;1291163266694.1
04/04/2024;1084068829627.32;1315530854562,00
05/04/2024;1102406522201.77;1336959442218,00
06/04/2024;1123268870496.65;1364198744928,00
07/04/2024;1125705543602.49;1371316814272.6
08/04/2024;1174101640724.57;1397968984221.2
09/04/2024;1129806052996.34;1363945943686.1
10/04/2024;1146805980734.97;1393242279724.6
11/04/2024;1140437864205.35;1396398396508.1
12/04/2024;1041758398275.12;1328304318626.6
13/04/2024;982660309090.71;1264714794215.7
14/04/2024;1014826969691.07;1288602887265.3
15/04/2024;976122239056.53;1238357344797.6
16/04/2024;983772911964.96;1257928992549.5
17/04/2024;957747616205.42;1203467028732.8
18/04/2024;963316489151.73;1219690836044.5
19/04/2024;991835442872.66;1260905059071.9
20/04/2024;1030933605981.54;1280726895259.3
21/04/2024;1048326718577.41;1304846156169.9
22/04/2024;1050341993343.27;1311885114081.7
23/04/2024;1064610435805.3;1312024332071.2
24/04/2024;1024942357774.73;1264860780337.4
25/04/2024;1026066886247.97;1269686195746.5
26/04/2024;1005294601595.99;1239861942962.4
27/04/2024;1042052837479.96;1258813547323.3
28/04/2024;1014422534664.94;1229600723069.2
29/04/2024;1008358221595.88;1245438531407.2
30/04/2024;959239594515.72;1179900807182.1
01/05/2024;952467405510.24;1132586949137.3
02/05/2024;975091382686.77;1172211134374.4
03/05/2024;1011057604410.4;1244130311976.8
04/05/2024;1002200154670.96;1245009473353,00
05/05/2024;1028927061830.64;1263958929231.2
06/05/2024;1008613062467.43;1251629442255.8
07/05/2024;992475020081.76;1233367893936.2
08/05/2024;993822781691.96;1214719387337.7
09/05/2024;1008594947953.05;1237952104506,00
10/05/2024;979462859624.55;1199417786654.3
